node,r,s,a,x,y,scenario_d,scenario_m,scenario_c,scenario_h,scenario_r,scenario_s,scenario_a,scenario_x,scenario_y,selection,true_x,true_y,true_angle,true_selection
219,1.04536931711306,6.68517740726006,-2.66762586501044,127.79339725446,-23.5278728017067,1,0,2,0,-0.470704976984679,6.76258206573954,4.90859408949322,118.661900271067,-23.3626308367708,0,0.999495986805906,-0.0317454305198071,6.25143454221237,0
220,1.86811082347665,6.30290270330776,1.87484203079738,127.036450085833,-24.083132537597,0,0,3,4,1.53145325145208,6.22377091953525,3.86567028104292,131.798477640649,-23.6633894062708,0,-0.995691415646463,-0.092728662278405,3.23445472223471,0
221,2.09274100812718,6.09292361777379,0.876906532269699,125.455172119044,-25.1631053037483,0,0,3,4,2.33415970957447,6.59029959428738,2.20785080727193,128.261231419411,-25.310495179248,0,-0.989526367819355,-0.144352233755614,3.28645097226752,0
222,1.14732458515555,4.21252508212916,1.22758928164672,124.725495456136,-27.362348913506,1,0,3,5,1.62813953849171,3.77665711083706,2.92727232962885,126.111175309292,-26.2105637378257,1,-0.670423615085663,-0.741978555172231,3.97760941376603,1
223,1.15280858781592,3.78957454020437,2.47294926450228,125.245789801723,-27.2422672444042,0,1,1,1,0.421619190456375,3.99450144496111,3.49862161455867,124.117954582347,-28.2787066215759,1,0.654589476701502,0.755984534889209,0.857156865416179,1
224,0.899018953798157,2.79961478463142,1.02194419727782,128.821974797362,-25.14787360348,0,0,1,2,2.29730133076482,2.26781427112575,2.13438755315153,128.592253852764,-25.4520595903752,2,0.0494894547638714,0.998774646187605,1.52128664808739,2
225,0.937999674958286,2.88544471258093,1.76607440349044,129.035897396681,-24.8855465705746,0,0,3,1,0.462308105920746,3.21027503353535,2.42625833118881,128.006485594406,-25.1035075182595,1,0.672928492310082,0.739707539665022,0.832635646124016,1
226,1.45953153616123,3.09445360465542,4.23431670849451,129.813488260621,-23.3601887547847,0,0,3,2,2.98500610406521,2.94792565123202,3.9338385689543,130.134811454716,-25.1558516934017,2,0.0806960809565298,0.996738753394417,1.49001240796993,2
227,1.51953099069816,3.0575028896055,0.150936914160566,131.524540560886,-18.4465427600958,1,0,3,3,1.28292891675509,2.91674291873939,0.885477799066214,131.885956451613,-19.5473604626486,3,-0.682776104437858,0.73062766934237,2.32235186440316,3
228,1.72401402732035,2.76768672404473,2.27011444006206,132.543022450986,-18.4682026732074,1,1,1,3,2.06576108978832,1.68724551522368,3.83743791376094,132.249153048264,-18.7684435958227,3,-0.712107727150996,0.702070213676555,2.36329214362893,3
229,1.97436642399142,2.98282637319843,3.38366825697452,133.587868717396,-19.6579896489464,0,0,3,6,2.38818609783755,2.92659192434393,3.51082201338645,133.362946139745,-16.8529667545653,2,-0.0642454849560194,-0.997934124911442,4.64809921778871,2
230,2.17511137094646,3.21231334398198,4.11732915554819,132.984115625469,-22.8168472045155,1,0,3,7,2.66848647698477,3.00502122923591,4.32429765513878,132.085175834004,-21.7307479402558,3,0.700328215175755,-0.713820979678197,5.48824617375358,3
231,2.76258473252796,2.47226677911387,1.20200597474672,131.404885198416,-22.337231222771,1,0,3,4,1.82975719540094,2.78107267391903,3.01753882671482,132.228140998428,-22.3992592433176,0,-0.998789991137132,-0.0491787922207121,3.19079129100747,0
232,2.73324093592458,1.94678203550169,0.640075396297615,131.849023830423,-22.6644838730896,1,0,1,7,3.30421980855789,0.988876471436186,1.69446121089725,132.012911578324,-22.5962494521765,3,0.740465691475189,-0.672094159882505,5.54615197068932,3
233,3.21477208950956,1.72091870516444,0.897836102936095,131.397315628802,-22.7911808099955,0,0,3,5,2.48390947560521,0.923065939390795,1.71450447324288,131.585013008779,-22.4057560388401,1,-0.724647790900642,-0.689119422990543,3.90186582377429,1
234,3.84793997195388,1.54432997571601,2.49003147037066,129.441192536708,-23.0911252153599,0,1,0,2,5.08758614726635,1.18500244555407,3.75620326068049,129.983132099947,-22.8103846943115,2,0.0593483645084165,0.998237332316407,1.51141306720047,2
235,2.65671827667813,1.59444847322544,4.53494678265754,128.295658676896,-21.2797817543791,0,0,3,1,1.29438968147575,2.65142247338773,4.68015400584454,126.151709812975,-23.8610098527177,1,0.68933011241517,0.724447372911027,0.810232369050818,1
236,0.763779641068105,1.13072889735698,1.03389216465481,132.420612025489,-16.3084895704024,1,1,0,3,-1.60382379823899,0.547633704528302,0.622738796289308,132.218183113208,-16.5216822893082,3,-0.714914935516864,0.699211437960592,2.36729876800346,3
237,0.369220968074511,1.04860976737863,2.49908479636369,133.138884859529,-16.2494791282826,0,1,0,2,0.0325351468406978,0.431671472097288,3.12751219204126,133.078554526932,-16.0593557188336,2,0.000140183727214819,0.999999990174261,1.57065614306722,2
238,-0.238963018872462,0.92575660341852,0.704132039455692,132.433130947606,-13.0291789307282,0,0,0,3,0.715006405933735,1.3042824171506,2.2504049421506,132.375116837349,-12.893233875,3,-0.702894678560309,0.711293941244827,2.35025527967438,3
239,-0.23231762563608,0.504288555821012,1.07152822770417,131.373886073411,-15.2767677777457,0,0,1,2,-2.15530794260758,1.28625244323281,2.36753003878264,131.43479439132,-15.8775837109231,2,-0.0272613731242597,0.999628339702001,1.59806107774468,2
240,2.24792760811007,1.39640307232469,1.23322853889993,123.312581669546,-24.2550587853956,1,0,2,3,2.89058507881174,2.17676323741828,1.80029018612288,123.658551634455,-25.1488465187306,3,-0.719745850953121,0.694237646656941,2.37423249257955,3
241,8.78428632730496,0.821866108376271,1.9910029742903,128.127571706268,-25.4596607182738,1,0,3,6,9.03756676276554,1.7058088782755,2.78551245959889,127.767424330387,-24.1220533170603,2,-0.14815148330697,-0.988964679851583,4.56369011374393,2
242,11.5076371108383,1.89337757469156,1.7415967675758,125.789850878051,-24.5411907593847,1,0,3,3,12.8084331348533,1.98714166135834,3.00471636347649,127.669852801343,-25.4654086965359,3,-0.94991577719912,0.312506025907009,2.82376260604612,0
243,12.5543289134671,0.978691304518392,0.456369184599899,127.369233838145,-24.9087797042794,1,0,0,4,11.8675328997448,0.644433820734597,1.79365194043019,127.113577542836,-25.0091450929639,0,-0.999496188586077,-0.031739076891207,3.17333706172513,0
244,3.14592635478606,1.46984937321827,0.966389046655085,132.449607783846,-22.7815071966822,1,0,2,0,4.45568323538776,0.432324960426531,3.07224752320204,131.000601571429,-22.7391947163265,0,0.999870867227674,0.0160701235022812,0.0160708152645462,0
245,3.09096876979433,1.43678399936749,0.77896476485198,131.570407625513,-22.9095411123272,0,0,2,4,5.14393184402303,1.52668550216729,1.89181057078226,132.48303765662,-22.9510158313579,0,-0.998077355071913,-0.0619805880308897,3.20361299441564,0
246,2.37371395851435,0.949938742380566,1.74779257639569,130.652523609313,-23.3527835088694,0,0,3,4,2.53763011726262,0.929100222643632,3.7832227524173,133.059128793357,-23.3640135931432,0,-0.999754763111621,-0.0221452847266793,3.16373974877431,0
247,1.42813566023817,0.687023273857201,1.68658888065994,125.34319966278,-23.716214833862,1,0,3,4,3.0209567699371,-0.0666727573202931,3.53936240267487,128.268502826928,-23.7377324951617,0,-0.999998296677654,0.00184570902124455,3.1397469435206,0
248,2.40555412907933,0.581705015976572,1.50075179787536,133.361212902151,-23.3644553269704,1,0,3,0,2.59785382404922,1.42904304269326,3.69507004640815,130.504200347999,-23.3587091436739,0,0.999395814984834,0.0347563661909404,0.0347633676415829,0
249,5.71813464225421,5.46028402996706,0.605924752501708,130.450827932067,-22.1901407326626,1,1,3,3,5.87558772399373,5.06913951097752,1.32642467950863,130.703611447987,-22.4465113878725,3,-0.737498326846645,0.67534896009278,2.40015488653388,3
250,2.49152746934993,0.788520164569308,0.889732651251576,135.443161947434,-22.5973984251199,0,0,0,5,2.51361419387134,-0.0630336329272935,1.54850938224971,135.34874267225,-22.6045599124477,1,-0.728438257521773,-0.685111454420843,3.89634934605434,1
251,1.97841287033426,1.32226719040234,1.03792493006121,132.794740465331,-22.8230476943461,0,1,1,6,2.21827668797578,0.638825346418685,1.65808775123414,133.051373875433,-22.150913200692,2,-0.0141119122187836,-0.999900422008876,4.69827659973529,2
252,1.54107847533436,1.09232225174438,1.51553184039979,133.121551379159,-23.3965095263915,1,1,1,1,1.65819622094668,1.43268012934509,2.03641160742233,133.250120235097,-23.5010841729639,1,0.709454920789095,0.704750817926548,0.782071854230047,1
253,1.32696005070387,0.871601953529025,2.16153118620053,132.375439605336,-24.1789735893134,1,0,3,5,0.961596649076007,1.52001989019475,3.92802761948862,133.303267131349,-22.9567069309982,1,-0.70233775763617,-0.711843855208849,3.93371269366318,1
254,0.576704567880717,0.179572838361876,0.987185609372198,135.039896240576,-24.0492666287965,1,0,3,7,3.12560135132425,0.424272004165595,1.52689981221394,133.931295911545,-23.5002011133968,3,0.739026591237007,-0.673676255663363,5.54401327054698,3
255,0.207352793787535,0.161810855621047,0.881115416278115,135.048200883884,-23.9105319631558,1,1,2,7,1.66623707767575,1.7352586966485,1.14390947822888,134.630882888283,-23.7921007275204,3,0.70627625321278,-0.707936334812473,5.49661328855609,3
256,2.71503290258515,0.249741658156744,5.43326771298493,134.407431124272,-22.1704306316632,0,1,2,2,1.10140767120682,0.504854395079021,5.46412553988186,134.326787849626,-23.1543736697571,2,0.0055462832574673,0.99998461925273,1.56525001510193,2
257,2.5781630837332,0.382475990697111,0.668480966128094,133.829561484658,-14.2759412830262,1,0,2,1,0.11892268651363,0.0427799583012912,1.01555022437303,133.09818892396,-14.8929756573888,1,0.707150305348803,0.707063254345108,0.785336609042387,1
258,6.39896302683752,3.0677660939522,0.920460308239165,126.406251334159,-21.9265389841168,0,0,1,4,3.62535262870838,1.7816530110999,3.08163967545409,127.722941195762,-22.0264464858729,0,-0.998374451103091,-0.0569952224717232,3.19861877899648,0
259,6.46963006199068,2.64884638726444,0.566382135965645,125.277608358287,-22.2029669914056,0,0,1,4,6.75465786938838,2.76211829724771,0.849605651834862,125.759000441726,-22.2573687393816,0,-0.991892622792201,-0.127078813538718,3.26901601001571,0
260,6.62079436324848,2.55512484532366,0.439975393171382,124.679715816023,-22.2273281350104,1,1,0,2,7.44441567611846,2.17292917327977,0.0883676304977946,124.569164839319,-22.0970952583491,2,0.15265795249886,0.988279084843373,1.41753913358938,2
261,6.23236213010848,1.99583840546239,1.17041302478063,123.665780911217,-22.6993615312693,0,0,3,4,6.97095695357697,2.60305566728682,2.61278359428128,126.04917751938,-22.4321089435216,0,-0.992626165812496,-0.121215902192671,3.26310737934657,0
262,5.78578636189455,1.56354832182269,1.04672763623341,121.507361880212,-23.2291823152094,0,0,2,6,5.98462282321599,1.77795633798763,1.36177754110371,121.752121408183,-22.4865538772598,2,-0.102599171719269,-0.994722780458214,4.60960894737857,2
263,4.48235073848593,0.911347879479614,1.33915820204264,119.964706273298,-24.4771878964006,1,0,3,5,2.72001290065334,0.568562399767487,2.24927115245062,121.296295426595,-23.4263302267487,1,-0.730426927389533,-0.682990851874522,3.89344215342999,1
264,1.56144120933573,4.35344457059066,1.87410850356827,138.197158578008,-26.8266919461559,1,0,2,0,1.05161146087641,5.18430920153734,4.55032997832103,135.716609938264,-26.9645697917928,0,0.998549346414175,0.0538442455219129,0.0538702970885399,0
265,1.51466358679921,4.54136182970782,0.766773805401354,137.310314239921,-27.766271761268,1,0,3,5,2.49618843296565,4.2178820683265,1.26840491143807,137.111383391113,-26.120360671289,1,-0.673006634555551,-0.739636444372646,3.97412265525756,1
266,0.162631830747662,11.4534905952189,6.91756636106577,136.689977230682,-28.4742288035622,0,1,1,4,0.1395695233337,11.981237109974,6.94123027209539,134.410823105795,-28.3988298889,0,-0.999860268505244,-0.0167165625838923,3.1583099948273,0
267,-6.22422258607919,16.8342828538175,1.1132791894835,115.86817151738,-29.1714792503375,1,0,1,3,-5.54321199011206,17.1542031048121,2.33298597112722,116.824749653922,-30.9687555702044,3,-0.418996893978382,0.907987666676409,2.00313660757444,3
268,0.987363177356681,2.97470824978209,1.15960451425794,136.640667412403,-28.3586121450992,0,0,1,7,0.737902348084407,2.0347237557413,2.26167833498493,136.084496629213,-27.7962375335708,3,0.694390071832922,-0.719598796649821,5.47996093941797,3
269,0.474934224216255,1.67541279204876,0.981049232683596,137.760269617391,-30.0157618854895,0,0,0,2,2.67503119326176,0.91442773758931,1.73712948823207,137.544892211055,-29.8548154728186,2,0.0242512494224984,0.999705895201908,1.54654269962307,2
270,-0.319149692928456,6.13826342786818,1.02148469981239,143.25217062683,-26.1128369842945,0,0,2,1,-0.0726368491648822,4.65008976021413,2.24068791877088,142.862701584582,-27.0517299164882,1,0.634891853692294,0.772601018712222,0.882927791727413,1
271,-0.786022648592586,6.32304960202165,1.2166734776092,144.284594833918,-25.4601168684063,0,0,2,2,-1.13812277610959,7.11117678821918,2.24808345377534,144.415883671233,-27.030732739726,2,-0.0536746229807988,0.998558478431719,1.62449675569846,2
272,-2.27827765934774,7.31080328846618,2.63778335254823,146.198618277676,-24.224215585469,0,0,3,3,-2.42918472177152,7.81012924793046,2.43568167466611,147.59571419702,-25.5522502980132,3,-0.570068570517376,0.821597118366585,2.1773856396183,3
273,-1.58933083947858,9.40382486076189,0.354722306605274,148.061023497647,-27.1779465086305,0,0,1,6,-0.51871766241292,9.43572464597847,1.51338762355921,148.06122849905,-26.5143949335022,2,0.0258835219872319,-0.999664965520717,4.73827539338346,2
274,2.04408589175355,3.22628939214683,0.560142017437425,142.987991735046,-15.8059464602641,1,0,1,4,0.686221309803922,1.80797978045157,1.1154266802139,143.22800516934,-15.6164207843137,0,-0.999923764843495,-0.0123476516476057,3.15394061902202,0
275,1.27851418789681,1.63908804559364,0.955689200124149,132.381574883473,-16.3201027606791,1,0,2,2,0.678782375469888,1.07648409109861,1.15969259020185,132.099281568498,-16.5226307577763,2,0.00722309118808605,0.999973913136582,1.56357317279689,2
276,1.02123537041455,1.26269433422793,0.962438427915178,132.565020065444,-16.3998344550975,1,1,1,3,1.40291965652333,1.48804970053948,2.34513628041178,132.34244678134,-16.3865032681783,3,-0.706236153639751,0.707976338087743,2.35496399365814,3
277,0.630388582389731,1.09793312523695,1.7630299055232,133.188575641246,-16.8008359538447,1,1,0,2,0.18244104326713,0.231726711852036,2.7662059164184,133.448677788812,-16.4604733763654,2,0.000422537701685491,0.999999910730941,1.57037378908064,2
278,0.327874647766123,1.33772878475479,0.750142767193849,134.02534217921,-18.1611864440198,0,1,3,0,0.116749822002861,0.555412346995708,0.986733522038627,133.599721065808,-17.9077943097282,0,0.999999789818254,0.000648354416124096,0.000648354461548188,0
279,-0.0620613186255077,1.36583978635046,0.999926664780362,134.988696908906,-18.4784769831279,0,0,2,6,0.890878148657074,1.1846751617506,2.21986095676978,134.778170143885,-16.57570441247,2,-0.0104073776748687,-0.99994584177841,4.70198141482406,2
280,-0.27031009253618,1.50945493705819,0.812151986744024,136.441118152121,-19.4494073651813,0,0,2,6,0.414944297935549,0.82253381724572,1.47766924959718,136.904101208459,-18.7213108987915,2,-0.00339010142646366,-0.999994253589649,4.70899887246457,2
281,-0.41743992045592,1.50612267315566,0.283983828356676,136.727574787918,-19.8215565789634,0,0,1,6,-1.26155291772462,2.6972209741797,1.32329714229991,136.171775804968,-19.2686266421343,2,0.0317033465819239,-0.999497322565452,4.74409764022061,2
282,-0.708067152001989,1.15212720572408,3.76532556019893,135.777253395814,-20.3206176456242,0,1,0,3,0.651756136333577,1.72593528985016,4.34342600533013,135.80160012517,-20.4258078142276,3,-0.698072322283089,0.716027257066583,2.34349809294722,3
283,-0.680782097998325,1.07765083576698,0.884360657947178,131.900180733996,-17.6921544520308,1,1,3,4,-0.802060095534033,0.235370139940812,2.06762726152273,132.105539386602,-17.8475242776433,0,-0.999998240798169,0.0018757400053311,3.13971691248453,0
284,-0.753804333382153,1.42364638307655,1.15530313991712,139.299686035633,-19.9577771983489,0,0,3,7,0.732632375549692,1.59134786569921,1.8145158008971,138.470691615362,-19.1524931896804,3,0.700042461114177,-0.714101220162245,5.48784593618069,3
285,0.322897926911373,1.03120782013045,3.8257321108085,136.713514961584,-19.3573677804012,0,1,0,1,-0.824473964515121,0.387535297123262,4.44382928965171,136.711239300559,-19.3525338569586,1,0.708974840782619,0.70523377339522,0.782752826193682,1
286,0.308327963054372,1.18081752479882,3.31877454340456,134.01685332137,-18.6195123523203,0,0,3,7,-0.0550354489232725,0.597452060016956,4.31838304257736,132.04143236117,-17.1256748647732,3,0.705857042279383,-0.708354315201511,5.49602130424672,3
287,1.09960533902295,1.01169607791373,0.852806969774412,131.977515957689,-15.8216595011583,1,1,0,4,-0.00458736815498157,1.82576165877306,0.918107282318573,131.977593234932,-15.5739719434194,0,-0.999999996492601,8.37543910015558e-05,3.14150889919869,0
288,1.72047036470514,1.09225732452797,1.09439945866609,132.255972651819,-13.8805018852562,1,0,0,7,2.56302672297482,0.175571694170772,2.26341033466886,132.31537895457,-13.9542766852764,3,0.729214264486798,-0.684285434938504,5.52956197041051,3
289,2.24802889932778,3.15821530906134,1.29761560519697,129.726179246226,-17.6642988022844,1,1,0,0,2.27890755056773,4.31098178693953,2.90209322398997,130.644641642461,-17.6786130155796,0,0.995667197196115,0.0929883456548836,0.0931228789011192,0
290,3.25026654744589,3.28218840514899,1.74032115910013,128.200149854723,-17.8268926967628,0,0,3,5,4.60457261967705,1.78842805119947,2.92341285178706,129.269110603048,-16.7162670775348,1,-0.757844786260242,-0.652434885592553,3.85238557259548,1
291,7.29792564418831,4.63352166719096,0.840277860888606,123.087207704402,-20.074111512936,1,0,3,4,6.43397340587986,4.81990221389594,1.92285114490905,124.644525676819,-19.8664423752115,0,-0.976783426743289,-0.214229169908389,3.35749526356087,0
292,7.20318960498997,4.30811911259432,1.34840971097228,123.204955350804,-20.1028327134849,0,0,3,6,7.15092478590308,4.28296006044053,1.5247940003304,123.599034251101,-18.7736714933921,2,-0.250543714173052,-0.968105287294916,4.45914713891453,2
293,7.58000188723313,3.65727602417239,0.829850176955939,122.854819481003,-21.6744736570352,0,0,3,7,5.25596900963447,3.35981537698172,2.12677487310705,122.000779634465,-20.810710310705,3,0.761398974692858,-0.648283580955637,5.57785733647492,3
294,2.84131043504075,3.1342165931232,1.0585058610681,128.729927743179,-16.8743470088666,1,1,1,4,3.95371998778098,3.49148266619597,1.46922254266571,129.074964495677,-16.6933724149856,0,-0.99294926913271,-0.118540073092673,3.26041211284294,0
295,2.68207893373067,3.15246792035278,0.463496881389459,129.219045249193,-16.5919574488808,1,1,2,0,0.697788859906755,4.85129633384728,0.585921069878855,129.053795264317,-16.6740986563877,0,0.999433049372694,0.0336686771584383,0.0336750414276308,0
296,1.65836272621408,2.95461244894134,0.941054078403659,129.929378211788,-16.4067347903289,1,1,0,7,3.02919411540966,3.04306462240552,1.26240616154483,129.702495834483,-16.539731017931,3,0.706808937367993,-0.707404499601698,5.49736601767562,3
297,1.70030854382158,2.73951911537358,1.18722807919734,129.378119254893,-24.8988410639385,1,1,0,5,1.34219585706313,3.20333590250192,1.93631245573518,130.672386720554,-23.6502371324095,1,-0.679498086228974,-0.73367727974305,3.96531066964795,1
298,1.95888412752974,2.70477557474091,5.14285489086483,129.668138576452,-25.1567137832012,1,1,0,1,2.95827108133968,2.71596468239988,5.60160902898887,129.817591874274,-24.5176128700408,1,0.711281290644163,0.702907480099318,0.779476950576506,1
299,0.199444035126283,2.31539130262182,1.30845227409312,127.535881476214,-26.2867106047744,1,1,3,4,1.96251983463068,1.18736931291065,2.35868858405106,128.179867399037,-26.6696831533794,0,-0.999748359588154,-0.022432509908503,3.16402704532973,0
300,0.0733693917314238,2.21459120931762,1.97090735306424,128.574135999244,-27.003848320676,1,1,1,0,1.61181162108556,4.12987619706054,3.8883357419092,128.342777357392,-27.188892516007,0,0.997901896472511,0.0647441504428487,0.0647894684546916,0
301,-0.0246648908373729,2.2548406267373,1.10739513582613,126.059962178543,-25.8598400957772,0,1,2,4,-1.70693534007403,3.52731492224753,2.16399190840357,126.52461691344,-25.9902365774487,0,-0.998292999233142,0.0584045176514417,3.08315488104532,0
302,0.423115389130624,2.42522660121759,1.11286664353731,129.283857456903,-25.1020898041122,1,1,1,1,0.300610607791464,3.22142187573761,1.21348238380407,129.14333282727,-24.8036020137496,1,0.672072396272079,0.740485444940753,0.83379238170032,1
303,0.182213621286909,2.08399838157977,1.24536145830782,128.44262351598,-25.2513375025139,0,1,1,7,1.29038533768613,2.57630926125102,1.4583165026308,128.24335958096,-25.174657593572,3,0.689461728695083,-0.724322113886348,5.47313463201555,3
304,-2.40354609610213,2.16463243012607,1.74965397780245,130.29926298965,-26.9282583302871,1,1,0,3,-0.856806876379523,0.609716655571546,3.21123355285773,130.169734231086,-26.9013948622533,3,-0.708373161782477,0.705838128515524,2.35798703036591,3
305,-4.5428097785414,2.90904736549854,1.02259293599137,133.453670475164,-29.0827710104388,0,0,3,6,-3.49619138263083,0.734327569211973,1.44677353184687,133.342738464671,-28.0520059214009,2,0.025527477141275,-0.999674120856793,4.73791923084493,2
306,-0.671914406451631,3.27025818265405,1.69922727815073,132.768986573408,-24.6974126357631,1,0,3,1,-1.98957101450761,1.76553852349079,2.90461742172618,131.420224403523,-25.709771265012,1,0.710074082773624,0.704126975035892,0.781192910793276,1
307,0.910629308026756,3.19190868756596,0.782434299582352,119.400819477114,-31.6498967258515,0,0,0,7,3.76369666487056,4.41980589981939,1.49472061942505,119.457902709211,-31.836316384708,3,0.687917518728017,-0.725788872487783,5.47100485105689,3
308,1.31041905963689,0.831346800469142,0.845418015429748,119.242356001356,-31.590814474364,1,0,0,5,0.915128595945946,2.01595659929054,2.60608554511824,119.400443885135,-31.6543305608108,1,-0.696085535100957,-0.717958862208146,3.94245821164182,1
309,1.414158339001,0.313984589150716,0.731463529044244,117.5363959978,-31.9999047034739,1,0,2,3,1.83324879981735,0.890627099908676,1.21219166142466,118.171799238965,-32.6383872694064,3,-0.716085925434533,0.698012139861885,2.36897493445541,3
310,4.72361666957111,4.1571774152093,2.5576849606985,128.63352855873,-27.0534391846712,1,1,0,6,5.60819863847473,4.62867373407046,3.12054747472754,128.147566737037,-26.9660258319039,2,-0.209059057428054,-0.977903016923096,4.50177632414562,2
311,2.47740032605863,4.31501612966822,4.54093998554452,129.728368182955,-25.3629932708707,0,0,2,2,2.20761753673552,3.82823254337489,5.05944617930051,130.209148953931,-27.497461885038,2,0.0735108012894323,0.997294420967943,1.49721915724655,2
312,2.11373183572863,3.22382108132716,1.76115696892189,132.919735400359,-19.004875282304,1,0,2,1,-0.0391784470082237,1.75292355694901,3.61233548162747,131.550642171053,-20.1886177927632,1,0.696325835379731,0.71772580487448,0.800530804492222,1
313,2.02219907478403,3.25331193651532,0.599604787633241,131.762044716974,-19.3246028044289,0,0,0,5,1.88763404195383,3.69384668546136,1.33172523190365,131.633545232519,-19.3577525192372,1,-0.6756252689829,-0.73724520745257,3.97057649205628,1
314,1.79092575984772,3.21955792984822,1.22426411738951,131.584860572997,-19.3834759138005,1,1,2,2,1.99667046808884,4.74699368445354,2.62235774359712,130.456932008572,-19.5326524878239,2,0.0771211049241666,0.997021732549133,1.49359856811928,2
315,1.43428051755471,3.03212048465281,1.17120705307224,131.778627463181,-20.2498159249115,0,1,1,5,1.50073315711311,3.28921881463196,1.90618416222621,131.745048994614,-20.6269438761221,1,-0.679434305612626,-0.733736345260808,3.96539759894344,1
316,0.534335128305837,2.74474477020117,3.23243228159966,130.108113608258,-21.9693142329765,0,0,3,5,0.725269363343866,2.32325458868852,4.2412898114428,131.661521875551,-20.0196552926141,1,-0.690461219186263,-0.723369411020275,3.9502625230847,1
317,-1.12731329194498,2.4205954281731,0.902121633381087,122.579355870245,-26.0303310936606,0,0,3,5,0.271504902656329,2.94077157707168,1.36721113548551,123.932906456533,-24.7044077071683,1,-0.677715973258923,-0.735323778746282,3.96773696074624,1
318,-1.58447193067587,2.32068806518741,1.1121185240663,121.981868582397,-26.6041364855195,1,1,1,0,-1.8520407638001,2.57648140922882,2.04251293442415,122.166308117707,-26.5315028589548,0,0.998937475384979,-0.0460860094983887,6.23708296823431,0
319,-3.72369831510154,2.49953167061333,1.36797016149744,120.476138031455,-26.3849573897923,0,1,0,5,-4.01610900663286,1.9835339878783,2.07274460219067,120.744972210953,-26.241872168357,1,-0.748015475470089,-0.663681285299846,3.8673221386263,1
320,-12.3044093495814,3.82290678117872,0.431230256293232,117.682323990978,-27.6684355150805,0,0,0,2,-11.6163068605697,3.73630411184408,2.15080452606297,117.688124887556,-27.6004737961019,2,-0.355914647216699,0.934518466321888,1.93468894825099,2
321,-9.06630374701807,2.04036892473586,0.505271835291548,117.793720694885,-27.9389218161566,1,1,0,1,-7.07450018141957,2.64178782144423,1.20203683958345,117.926548259797,-27.9089881008495,1,0.829953843897724,0.557832068815869,0.591771389450757,1
322,8.1482422331587,2.09001268869995,1.84354075811737,126.257818268232,-28.1249347776401,0,1,1,5,7.92777480227715,2.45190006351476,1.92644218879015,126.525142330834,-28.0181056197353,1,-0.823773657481709,-0.566918831261766,3.74435336382175,1
323,0.28788777545687,2.59562542327162,3.6633079891772,132.197155783023,-21.065736362798,1,0,3,1,-1.93045603725263,2.86709307176604,4.39303260572671,129.937423251178,-23.7825952990214,1,0.69111612685753,0.722743729960659,0.80776412068738,1
324,-0.411170018413731,2.75442799378157,0.979617645251921,130.985972871817,-23.5681200636108,0,0,1,6,0.442463481640649,1.93037097387389,1.97563164689317,131.312624517906,-22.5469790633609,2,-0.00823406833762017,-0.999966099484683,4.70415481899942,2
325,-2.2819188376633,4.06718210663746,0.64918966424168,132.788333050927,-24.9295388916728,1,0,1,4,-0.260586306282895,2.19243532177632,0.925059047414474,133.152986842105,-25.0331237236842,0,-0.999983702292071,0.00570921625478749,3.13588340631909,0
326,0.452781905088311,1.34740342426983,1.33401909733249,137.376719542114,-17.2206076102355,0,0,3,0,-0.603436162409879,0.584857174453137,3.06199616591502,134.538346893695,-16.6773273738303,0,0.999993817399392,-0.00351641337028671,6.27966888656242,0
327,0.185666417362496,1.32620215108016,1.61534794905626,142.384232730929,-17.192554089144,1,1,3,1,-0.141016369654385,2.46475531950603,2.34526643004108,142.064998663189,-17.6295625692859,1,0.685963446299261,0.72763600126797,0.814869375635036,1
328,1.08780381085861,2.57263742848256,2.81251545225533,132.986028662619,-19.8559594386142,1,1,3,3,0.620150850755246,2.8959525648182,3.79257229975232,133.603368228404,-20.717101398243,3,-0.679013557133819,0.734125731212629,2.31721442757984,3
329,0.564947712244654,1.98127386893262,1.443263470105,136.789078802896,-21.9341936549241,0,0,3,0,-0.328999736151665,0.179195239969174,3.49225395214871,133.285524784217,-21.4517933156597,0,0.999999826589948,-0.000588914318735389,6.28259639282681,0
330,-0.302122949694691,1.89933995733885,0.990414849027855,141.792291833379,-22.3346232523708,1,1,0,3,-0.318196963794135,1.73164009970078,1.02627568423399,142.084284739677,-22.2747018821065,3,-0.697003805367374,0.717067427306108,2.34200689110359,3
331,1.21977305877505,2.40096940209042,0.940701854033628,130.023974036255,-17.1239835761357,1,0,1,3,1.93014185237728,2.44177950331534,2.69716349152403,130.891586404523,-17.9069888589052,3,-0.699165084189294,0.714960268162208,2.34502537627363,3
332,2.08688062298142,3.17204502196343,1.03446682150279,130.592041331993,-19.3160865825745,0,0,3,5,1.46741728643872,3.70234300871547,1.44086204572271,131.202674818986,-18.334181995173,1,-0.670202782409526,-0.742178031506275,3.97790700052539,1
333,1.51457169713674,2.02042680626057,1.73978806162369,129.886829854279,-19.8138182033433,0,1,3,6,1.72314962581678,2.91321302733291,2.15555946394405,129.8109752082,-19.2395339654068,2,-0.0462225453423951,-0.99893116694899,4.66614995993704,2
334,0.793538194100233,1.60488069902983,0.923316491492853,129.448444139199,-21.0622931247604,1,0,1,6,1.80608877627233,1.04174832893882,1.58893473583649,129.41422720628,-20.6840813021115,2,-0.0186096817412997,-0.999826824877932,4.69377822432434,2
335,-1.45827995891809,0.814931168795573,0.848889374580047,128.252214691585,-21.3753539356448,1,0,1,4,-1.69724246112703,0.896926422285896,2.85088886796243,128.844620948742,-21.1605569627507,0,-0.999890545691281,0.0147951558691496,3.12679695789916,0
336,-2.23534477056389,0.638456619083005,2.82426788304798,128.380681708435,-21.388514827751,0,1,0,3,-2.42855497771219,1.14770240105842,3.681806708793,128.926021636475,-21.5336911225321,3,-0.722161152561768,0.691724851173252,2.3777178670646,3
337,-3.15102889904509,0.38776235907045,0.656750501373131,126.756594280032,-19.2479186847851,1,0,2,1,-2.57525667599545,0.483487052389078,1.59360154485779,126.070713225256,-19.7953129493743,1,0.728886401440799,0.68463465716737,0.75410234652519,1
338,-3.94627212765729,0.510205275883023,0.797684211722279,125.986854899139,-19.2109481167882,1,0,0,2,-4.86458352588123,0.855785159402985,1.54281857397587,125.869734201334,-19.301285335027,2,-0.0412924645342655,0.999147102469244,1.61210053474931,2
339,-8.76289248083622,1.37021531554941,2.30100717207621,124.950221267104,-19.2791895211138,1,1,1,6,-8.91854071460743,1.08734912398904,2.08735980306208,124.935328886184,-19.2161688082775,2,0.0954053167970906,-0.9954385091641,4.80793962587534,2
340,2.88867913499656,2.04949970027811,2.02876758128776,136.455706336076,-17.8600444313087,1,1,1,3,1.78267957784243,1.75542311116213,3.06325048367353,136.773015647114,-17.5357765403365,3,-0.707447651057713,0.706765746915429,2.35667666925416,3
341,2.63343278038425,1.32844346478363,0.868676685038578,139.625814778251,-18.7923876276243,0,0,1,0,1.00456477185232,0.672008271330388,3.43615871567056,138.599030451246,-18.9440161123383,0,0.999977667407318,0.00668316441661921,0.00668321416785989,0
342,2.9882876692394,0.574727203520891,0.836042141494747,143.139979259004,-19.7403178002344,1,0,0,2,2.35289346293385,-0.113435434237912,1.58691412234767,143.129980747553,-19.8461044882824,2,-0.00266866202008585,0.999996439115171,1.57346499198259,2
343,3.20694807268973,0.486557219054859,0.752249359075394,144.577527118738,-19.9729332689263,1,0,0,6,3.44966858258184,0.961301879966028,1.13324330003088,144.786080790611,-19.9234442773317,2,-0.0328403635965981,-0.999460609788522,4.67954271092362,2
344,3.45039612698938,0.411180831344159,0.646356252324698,144.775879910112,-19.9714189125616,1,0,0,1,4.08731673827275,0.34137403402569,1.63829276783274,144.884545476906,-19.9697827193222,1,0.758361088445242,0.651834687272891,0.710001208198696,1
345,1.82754699592491,0.617406185035961,0.926714632593352,141.54346253243,-18.5973073255704,0,0,0,3,2.26835424961588,1.25122336786812,1.35883213604674,141.797457682458,-18.6502146766965,3,-0.719584322854963,0.694405070762998,2.37399985088503,3
346,1.62016489260344,0.337402091697868,0.837702557352126,142.674813975478,-18.2093617373792,1,0,1,2,0.499168077810554,0.961627248180924,1.92063211093084,142.799609603409,-18.402890331039,2,0.00475610101090286,0.999988689687625,1.56604020785292,2
347,4.00734139949179,1.70301848742443,1.01550291464722,135.664449406948,-16.2001857946345,0,0,3,3,3.54980366371946,2.81998315205186,1.82293846855699,136.161483510539,-17.0830978194367,3,-0.723304786880202,0.690528917045612,2.37937260526648,3
348,4.90084074296183,1.17528958295448,0.709218212152821,135.329726174299,-15.3771452720263,1,0,0,5,5.48560588615007,1.16105567145863,0.0993859297896213,134.844099509116,-15.2393301409537,1,-0.784925277826434,-0.619590435876068,3.80981346186234,1
349,1.16906895564497,4.92272153997061,3.38509556378142,129.139240736996,-26.5563299525003,0,1,1,4,1.47446949368223,5.10992217795877,4.86093259338636,130.743364526597,-26.2165073402901,0,-0.99729216581049,-0.0735413897952908,3.21520049466282,0
350,0.180264820703429,4.92614679065555,1.08583689452901,124.00111084994,-26.7465250145277,0,0,3,4,-0.340007327664603,5.53710198939719,3.26535404546506,127.379776393277,-26.2878901908252,0,-0.999823236379313,0.0188014891962636,3.12279005650876,0
351,-1.44332440865295,6.26541104465253,1.08274673125725,121.421621359326,-27.1271166962406,0,0,3,4,-0.65986105136131,6.34905402047083,1.892194103652,122.583625506653,-27.3799417830092,0,-0.999131133676639,0.0416770646523241,3.0999035141415,0
352,-1.97965392723022,8.75133810803829,0.695241871083849,118.466549697502,-26.7359679172893,0,0,0,0,-2.66875087977215,9.18040923341772,1.53105987534177,118.321943341772,-26.5278947518987,0,0.97482856215364,-0.222955767831799,6.05833979276495,0
353,-2.42320488741763,9.8922692351098,0.642791232920834,116.974305877745,-26.2570934904806,1,0,0,0,-2.6717605895312,9.81490449207889,2.54163617358552,117.029472259942,-26.027985257032,0,0.971328465670597,-0.237741480978822,6.04314530592062,0
354,-2.47182282583553,9.23384642476542,0.756247396706718,116.456747685291,-25.7269759916334,1,1,3,1,-2.57786131247595,8.85665657697242,1.31073547960231,116.573058659397,-26.1911824727389,1,0.47420773251332,0.880412986288012,1.07673239503428,1
355,-3.67509897718895,7.00213985132472,0.967922169708724,115.639132693152,-25.7109463561869,1,0,3,1,-2.70169224791119,6.29865536412078,1.75206090701599,115.217320781528,-26.4021642451155,1,0.592790366935637,0.805356803453173,0.936277127293317,1
356,-3.61627291695659,7.11935415886467,0.377346240071364,115.529605182749,-26.5660614345476,0,0,0,1,-2.28678746425935,7.04680463062344,1.41313670995012,115.48781074813,-26.5503793266833,1,0.555072046418858,0.831802274151965,0.982346748323613,1
357,-3.8575554066248,6.52465936999794,-0.0550698602663874,115.600555314137,-26.4148159058005,1,0,1,4,-4.57767773400414,6.9285212521456,0.667950848783664,115.87990168689,-26.5305047706422,0,-0.967298068586695,0.253642359452142,2.88514874819628,0
358,-3.26665270447925,9.1540689308615,0.177619062070133,115.209742854206,-27.0189606788851,1,0,3,5,-3.37458557769748,8.95023661450286,0.102909827838276,115.467106229753,-26.5748744031896,1,-0.476223352346426,-0.879324353512361,4.21603423066387,1
359,-0.719778454889912,7.96590628578452,0.725148414509214,115.52642113766,-24.6064006413298,0,1,0,1,-0.244451471791205,7.59834876081516,0.755800653947086,115.328046978906,-24.6562864783697,1,0.533035786882137,0.846092695809946,1.00861179244436,1
360,0.478688079660496,6.51994646580725,0.657689477685179,115.223682302876,-23.8692580875106,1,1,2,6,1.25416218369138,6.34775786012103,0.270988937488654,115.217566475038,-23.5628327685325,2,-0.056654805142846,-0.998393826630667,4.65570382326098,2
361,-3.53075857377355,15.1308165517358,0.750779997390953,115.552851714157,-26.6816765421859,1,0,1,7,-2.76715033704857,15.9346332689913,1.26061993930262,115.113847914072,-26.0119039321295,3,0.356260375014717,-0.934386721435174,5.07665158079567,2
362,-1.9621500228867,15.9453330947995,0.139591689051944,114.264869642946,-25.7687568557397,0,0,0,6,-2.60742288628542,15.7266580847983,2.06778300938987,114.310429431231,-25.733734237849,2,0.117247230268707,-0.993102757520246,4.8299065174082,2
363,-5.37084270970534,18.9000448036955,0.422861671425381,115.222396441686,-27.614703051483,0,1,3,4,-4.29024098660268,19.2382572365527,0.898195292821436,115.538701639672,-27.9154204339132,0,-0.820361605348921,0.571845115804394,2.53283940744928,3
364,-1.84191869350843,11.2801161823423,0.528069690100744,116.374448355842,-27.1676873132371,0,0,1,5,-3.11469601323731,10.7494765915638,1.20089028590535,116.546369890261,-27.000978340192,1,-0.38615823934958,-0.922432552646768,4.31592585152426,1
365,-2.43889084088183,5.85664553961978,2.28296064207983,121.711998680563,-27.7463565174638,1,0,1,7,-6.18067429184139,5.0698579691472,5.0451508175774,120.827303737099,-26.6984420738729,3,0.733629201621969,-0.679549994133995,5.53603624380097,3
366,-2.51101730953028,5.89097594063033,0.918822622185749,121.097297550569,-26.9320575041805,1,0,3,3,-0.787594948333658,5.079801119275,2.17745314940557,121.891074059638,-28.253079748587,3,-0.627532595367654,0.778590291328588,2.24917640861535,3
367,-3.44525970082158,6.97921645137305,1.24845641504114,121.085771030717,-27.6939850310276,1,1,2,0,-2.88200459587621,7.64558389110736,2.71978422682384,121.17267098756,-27.8873812640147,0,0.979925565011572,-0.199363705414881,6.08247675883841,0
368,-3.6365209718131,8.01618799782779,0.51979745633037,119.730633664257,-27.8551689020617,1,1,3,7,-3.47651979204141,8.52355814590747,0.470785924788094,119.79069317373,-27.8451136622452,3,0.573788797273109,-0.81900330654026,5.32351348693691,3
369,-3.87331443933739,9.14167974249587,0.526392910367148,119.04437924956,-27.6296643658646,1,0,3,4,-2.80459205081081,9.99678870788288,1.33887923615315,119.526375878378,-27.7520829009009,0,-0.967840373271085,0.251565124503553,2.88729560663889,0
370,-4.12541474266726,10.1749285534858,0.597635287070505,118.59163374759,-28.0383154398031,0,0,0,5,-2.15348918270723,9.16610623967712,2.36675271331885,118.072766997827,-27.9833981092828,1,-0.459110689358238,-0.88837907163384,4.23539508972516,1
371,-5.80477805194154,10.2241397650169,1.59857381081205,118.051501969434,-28.834113780479,1,0,3,7,-6.04995407611297,9.95692894949917,1.94441224699499,116.633730022259,-27.1459253770172,3,0.604523566829916,-0.79658725645546,5.36155661909355,3
372,-1.83777063583358,5.61887743060955,1.23630706505708,120.415480612885,-25.8416456724129,1,0,3,3,-3.20786534305426,6.32214671793732,1.56355498777362,120.893668358279,-26.8280622918616,3,-0.631663681616794,0.775242538388031,2.25449368140919,3
373,-1.95087301843978,4.94149416722996,0.760976694232654,120.622873300148,-25.8785632537041,0,1,0,7,-1.98749498730673,4.84202236408978,0.94528850213217,120.725495311721,-25.8999922468828,3,0.649191024670606,-0.760625409440895,5.41890936773775,3
374,-2.42626283376365,3.75488668650213,2.52972129684457,121.903815945467,-26.0716215841579,1,1,1,0,-7.05629179557357,4.85115761353919,4.30566753977253,121.237875777501,-25.949314665008,0,0.974868143332446,-0.222782636476791,6.05851739100786,0
375,-2.73226391974811,2.60793852456132,3.65336187279371,126.351034060922,-31.931503028261,1,0,3,0,-6.29331161308525,3.17523912706468,4.35142853496613,122.625169399471,-31.411094550223,0,0.98991065380993,-0.141692969033743,6.14101387683724,0
376,-0.849854014792306,4.00177518639849,1.65039581048174,124.506288293954,-26.3493232380376,0,1,0,7,0.242842066397446,4.00046979966454,3.13184378495248,124.385103756574,-26.2297845398197,3,0.652643846153457,-0.757664840201802,5.42345766215154,3
377,-4.24564988310222,2.16108898526103,1.38220600502521,129.197172367376,-28.0809359947445,0,0,3,6,-4.33783971185723,2.06243111859217,1.9677268443627,129.151218433088,-26.8098722628753,2,0.0855004796786802,-0.996338129338989,4.79799397706985,2
378,-6.99627176518369,-0.0908413428754507,1.1284328232081,131.52590857773,-30.5111114534364,0,1,1,6,-5.92170551720532,0.890972999360741,0.555250947697243,131.585219961977,-30.2328795437262,2,0.0522736966760304,-0.998632795694104,4.76468651303775,2
379,-8.99135457045461,0.963423593504181,3.4979693033747,130.778203559425,-31.8713059574669,0,1,3,4,-8.87593034551508,0.98655639453938,4.05268278640255,131.879731565681,-31.9613227461238,0,-0.998802672899664,0.048920554049257,3.09265256554974,0
380,-0.913486623223149,1.7676227213256,0.852113567711457,120.845656969684,-23.8912356671352,0,0,0,7,-3.16705667191599,0.24388418265337,3.10565278890904,120.828769023874,-23.8583487941976,3,0.739600436414229,-0.673046205290456,5.54486548049986,3
381,1.67489621862654,5.53589939712607,3.12091706125585,133.509225816523,-26.525030088944,1,1,0,5,0.795095026865814,5.73407884188332,4.17330608710952,132.327498485159,-26.6249599068577,1,-0.607782034339708,-0.794103896687257,4.05912442701625,1
382,2.5095648228728,8.411981439357,1.36114663529998,141.092968564619,-23.4064029695391,1,0,1,1,2.37321715212527,8.79336867809286,3.99800384146151,139.665177080087,-25.0804198363976,1,0.538021132191573,0.842931350298053,1.00270858361377,1
383,1.67405487324023,9.90266758562675,0.92584430484169,143.177687447292,-24.0506762611319,0,1,3,5,0.616584853735504,10.8347243813559,0.860365567749777,143.945747279215,-23.9385569759144,1,-0.431114438889626,-0.902297257327586,4.26666145456302,1
384,1.11053688350968,7.68967999987,2.0463475042392,143.482982757874,-25.2724366284076,1,1,2,3,0.869779519317376,7.44848548192967,2.42992395874557,143.930852171986,-25.8342957446809,3,-0.534689452799581,0.845048631183369,2.13493654085592,3
385,3.70889832015517,9.03118547712957,0.932311135629491,143.62305055083,-21.2641625309304,0,0,0,6,0.608827158656399,9.55779071348911,1.32605983568773,143.35237527881,-21.4138726500266,2,-0.0303961970817196,-0.999537928846609,4.6819881007022,2
386,7.43660542556458,3.3787912168523,1.23360079225029,127.774579118449,-29.6388623584313,1,0,2,6,8.5763846871744,2.22156518089804,1.79972895127016,127.118868444555,-28.7501305730588,2,-0.178648020869416,-0.983913047296071,4.53277678497847,2
387,16.0247966848962,0.682282371857479,0.75858292560458,128.094383743424,-31.3030483430092,1,1,2,3,16.2778515989957,0.850340107997131,1.55647128995696,128.197413534194,-31.2902855667145,3,-0.970725323188602,0.24019231236737,2.89902869537191,0
388,18.5709891655269,0.735843719774501,0.614006498708729,129.774060505775,-31.4824843401981,1,0,3,7,19.8920264081197,1.96456055626068,1.40184833615385,127.265938782051,-31.0939787542735,3,0.990085669332233,-0.140464826141435,6.14225442735791,0
389,21.1982073218593,-0.0453742936908128,0.780893426864895,126.994892174488,-32.358264615141,1,1,1,1,21.9613147476636,-0.588164118210948,1.62755734218959,126.448564806409,-32.5357659866489,1,0.988415545535237,0.151771899060001,0.152360693193938,0
390,-0.178919516869684,7.46641504581563,1.4140652956946,136.343976352909,-24.6400694437809,1,1,1,0,1.1193767174516,7.96431530736274,3.20273313202793,136.788946286893,-24.874671632815,0,0.996146215521706,0.0877081370329005,0.0878209804207513,0
391,-0.284341488562675,7.36295938430787,1.19982011058471,136.589185634524,-24.8140988724507,0,1,2,5,0.535651011697497,7.06932054706202,1.5141672484222,137.034647470076,-24.4177781773667,1,-0.560524220977805,-0.828138030582598,4.11737030429358,1
392,-1.10811529786127,6.0594412580603,2.53198505356264,135.684288397287,-25.6361852921373,0,1,2,6,0.238187284051361,6.11435012107774,3.17863070506596,135.67991696604,-25.203148523716,2,-0.0105999613391904,-0.999943818831642,4.70178882053497,2
393,-3.95579030946295,2.39602693979422,1.10989705698498,132.496343089761,-31.2931319511003,0,0,2,5,-7.86502718523002,4.23625556602906,2.39295857953511,133.751255714286,-30.0077167191283,1,-0.835233393967065,-0.549895606094701,3.72383189860996,1
394,-4.01448444441864,2.23956021116076,0.847441008356426,131.399216357131,-31.9056749230838,0,0,3,5,-6.09092735851064,4.12228951429985,1.85793482743196,132.588849406235,-31.1188965907966,1,-0.77309099661793,-0.634295129216909,3.82868907566216,1
395,-3.85522370376903,2.18019242940737,0.959904327465459,130.601701238882,-32.2101046825295,1,1,3,4,-2.18076533185333,2.86947322853579,1.881181136443,130.783693764031,-32.5243396083811,0,-0.998220589275477,0.0596293144897767,3.08192794555964,0
396,-3.31072982510679,2.46128714104274,2.36697938823056,131.159145275304,-32.6414670933495,1,1,0,4,-2.17720570752875,2.91199625654876,4.58197674825553,130.663333120711,-32.7053765874166,0,-0.998173027045332,0.0604202621573121,3.08113556912677,0
397,-0.32239897976679,4.58398575601691,0.994477482910456,141.072174614585,-33.4669912082155,1,0,3,0,-0.148505264382802,6.45851393517337,2.91211618558114,138.305669764216,-33.3864296269071,0,0.999954027574274,-0.00958867759329536,6.27359648264533,0
398,-3.47812293263271,4.13506160842164,1.41071994832917,137.354699828334,-22.8299162711874,1,1,2,0,-5.61964768889786,3.8510104433912,2.28354702918652,136.681143035931,-23.0696430540977,0,0.986742818609025,-0.162291743238884,6.12017256208025,0
399,-3.54019898722968,3.02372785108287,4.16697657714552,134.666877346237,-21.7903334892306,0,0,3,2,-2.31882410469623,2.6042194508383,3.91415430985946,134.902818504949,-24.3024837890305,2,-0.0564617254061207,0.998404764393762,1.62728809462337,2
400,-3.85476858620835,2.99820440909178,1.18526178754846,135.854014355476,-16.7974289150838,0,0,2,3,-6.62030332122375,3.35282955571486,2.63957443159733,137.636030310985,-18.5931639432552,3,-0.779451311129333,0.62646281101017,2.46458581390573,3
401,-4.01583162218232,2.5422215945812,0.670086745184949,134.63498811951,-16.2710602502708,0,0,3,2,-3.8160553829548,1.34018542100292,1.58858686911041,135.10468641781,-17.5218066044524,2,-0.0501765772491806,0.99874036220409,1.62099398276947,2
402,-3.33414524295665,1.21688987377915,1.22880484536717,129.40036083744,-25.0120952166932,0,1,3,0,-6.83808064161754,1.34182111441877,1.26376290282952,128.417360929026,-25.0072234001415,0,0.998051298889166,-0.0623987562828672,6.22074598710104,0
403,-0.447842742944539,8.1898167032872,4.59209329520403,138.385144641419,-24.6631989715613,0,1,3,2,-0.899957289389996,8.37423954866477,4.63233347943609,138.249217805341,-25.9628407455605,2,-0.0442553785498906,0.999020250780436,1.61506616406885,2
404,-2.05249903563097,8.81345189238393,0.879123348908395,139.949331949267,-17.0503776829351,0,0,0,7,-1.91594739267742,9.27152779451613,2.27014887631935,139.911566903226,-17.3807042435484,3,0.512012215624919,-0.858978166806853,5.2499147085663,3
405,-2.54865384486447,8.61170602442672,0.805559449520885,140.297164837973,-17.0275361900267,1,1,1,0,-2.97575223628643,9.68069091756869,1.53725377741049,139.905263821815,-16.5281434637802,0,0.966721148919503,-0.255832406531612,6.02447664027434,0
406,-3.50948685669951,7.22179091835666,1.80546070749035,140.192225404859,-17.1767658543786,0,1,3,3,-4.11832304173679,6.07481056380007,2.82022526628021,141.316866963985,-18.2161301901717,3,-0.659286489658903,0.751891830354102,2.29066573894921,3
407,-3.59073150851684,9.08661041510858,0.762112431711502,142.271988508953,-16.6337705505247,0,0,0,3,-3.67081275974013,9.99186591786975,1.90293457347129,142.662155694578,-16.6997686881617,3,-0.535968619301955,0.844237904339503,2.13645098642923,3
408,-2.85280436722644,10.5612053396392,0.691676850764662,141.560248816951,-16.5473860765162,1,0,1,7,-3.1469868985022,12.1559067024963,1.08510942082232,141.467860146843,-15.7194748687225,3,0.459952708759666,-0.887943413571296,5.19033091887379,3
409,-3.58711819158051,11.7620051780195,1.09050573881101,142.721956702463,-15.5862529357726,0,1,2,7,-2.3253570918703,11.2239108479793,1.60911054358553,142.725606578947,-14.9051095051692,3,0.46253584545852,-0.88660058181008,5.1932422413105,3
410,5.05089116664591,9.33715925162694,0.879389568036494,147.422183439536,-32.6943697058905,0,0,2,7,4.97509023645726,8.98703251364573,1.63435952651905,146.755068331617,-31.6291022322348,3,0.507055914892944,-0.861913162199116,5.24415456910301,3
411,8.27680749551702,10.3906507821068,0.768067731712579,147.71241234882,-33.8887432667041,1,0,3,6,7.95835784293785,9.82647731355932,0.812670069603493,148.194645942476,-32.7116557241911,2,-0.369673444793386,-0.929161742763116,4.33373143568283,2
412,9.85931062311987,12.4809590377442,0.598182276383131,148.647112789373,-33.5058752491375,0,0,1,0,9.03508196572238,12.8017558447592,1.75016792969405,148.13184509915,-34.0860337507082,0,0.843492195104857,0.537141430907345,0.567044468842564,1
413,4.17819287256571,8.95541338251943,1.05687010129976,147.795536271465,-32.2302021010439,0,1,2,2,5.80809710614832,10.8522696710332,0.803202156340587,147.693025375026,-32.6817007014578,2,0.278024879353991,0.960573873504895,1.2890590194383,2
414,-0.918775952728829,8.01134618539897,0.975984598351915,140.079126822073,-25.2157320687107,0,0,3,0,-1.10956691279494,7.62313027481273,2.39226458111891,138.109815800562,-24.9498484527154,0,0.996527448622832,-0.0832649034183576,6.19982388913544,0
415,-2.08161194227308,9.2152168027711,0.784010032396581,142.872105956634,-25.0083303496092,0,1,3,1,-1.49854867780294,8.87747277802944,1.10764897394677,142.618860050963,-25.3523105719139,1,0.47337184782214,0.880862698545836,1.07768157594403,1
416,-2.75966255270129,10.6748708033344,0.999977800594886,146.458564182421,-24.9568896335576,1,0,2,0,-1.70547844026718,10.4089981335878,2.33054271057506,145.364882824427,-24.7187922544529,0,0.985444960002088,-0.169994796410016,6.11236091849999,0
417,-5.76628935387071,11.398365572819,0.704724042457403,148.232493302259,-24.611943860423,0,1,0,1,-7.78587562335111,10.5687388501263,1.21142676514173,148.248395144541,-25.1687047684536,1,0.517827101390844,0.855485296814128,1.02648729457386,1
418,-6.43892768191655,11.5702920411664,0.76655880596625,148.273484626752,-24.2148857848568,0,1,0,7,-5.32184868810316,11.1406636100943,0.627235005268996,148.109832307266,-24.0093407376595,3,0.551999261179023,-0.833844599225667,5.29714896317624,3
419,-6.11184909894582,11.6544425870745,0.719944768686391,149.020956583019,-25.0212067002961,0,0,3,4,-5.71151551071324,11.3888653536836,1.34715943800998,150.542276783094,-25.8836366832991,0,-0.897821203929957,0.440360177325066,2.68559285143333,3
420,-6.36653274643608,11.0523713540369,0.942255294037573,149.059966605741,-24.3964441164216,0,1,0,4,-7.73412427136136,11.3955647547727,1.04364054063636,149.100507545455,-24.3253538727273,0,-0.87567038183568,0.482909290007713,2.63761861569518,3
421,-7.68318508923173,10.3609301049383,0.259284744404053,147.766436384798,-22.1746548349731,1,1,2,0,-7.17372760373752,10.547438458059,0.504699291658526,147.462174899129,-22.0204533786367,0,0.894584794992096,-0.446898248563304,5.81989023570883,3
422,-9.7584431379122,12.4568261304937,2.00072651130405,148.266493315037,-23.0845349229727,1,1,1,5,-8.46010232101195,13.9586122826774,2.52714516890021,148.219570924104,-22.4317110031623,1,-0.289615360842376,-0.957143115089975,4.41856402878017,2
423,-0.790483205623819,12.0217072418653,0.582558306385881,148.647527615402,-25.4045241607547,1,1,2,4,-0.729248965870196,11.9323346207397,0.639196122878898,148.659455982596,-25.6624436729514,0,-0.996274937229734,0.0862336909095818,3.05525172757634,0
424,0.0386985894158366,14.1933669639613,1.2670924499185,149.864565370192,-25.5583731550936,0,1,1,5,-0.683035771610135,14.143700821414,1.74246476154475,149.889055496526,-25.0922416060482,1,-0.298457652595604,-0.95442287776809,4.40931273562978,2
425,0.331525167035239,14.2893762710374,0.658592469278054,150.525279257893,-27.4817754863584,0,0,1,5,0.76899504921875,14.27510894,1.578963451375,150.6478931875,-26.52695848125,1,-0.334093727335359,-0.942539856640114,4.37174543618884,2
426,0.957435019115449,14.3927423916756,0.327035023533875,150.922211889934,-28.2403472967928,0,0,1,7,0.857868122161085,13.9466219308878,1.98353359964115,151.061164832536,-27.5575680648591,3,0.299740747002853,-0.954020694003108,5.01680987502383,2
427,-0.0423062369099661,14.9854481126938,1.72181599430758,149.756137323126,-23.7041123799312,1,0,2,3,-0.240889376211878,14.5175899019797,2.87896053247726,150.173569459604,-25.2431533365436,3,-0.312969070442427,0.949763318383271,1.88911387196627,2
428,-0.238904917674402,11.8513596520453,1.47209494180151,149.484421185993,-25.4721684370087,1,1,2,3,0.748918700153675,11.6854382055175,1.93436161144603,149.585001610813,-26.0539559674134,3,-0.373812113659246,0.927504449413375,1.95391203638234,2
429,1.17681537901751,12.211581314826,0.903556056281521,150.840856127466,-27.5472008417175,1,0,0,0,1.00474324541084,13.8245206763555,1.76952831145892,150.664580519843,-28.0758034460593,0,0.990677137313787,0.136230721952724,0.136655660471398,0
430,-4.59186996685949,11.9843563482046,0.981228878624885,146.105116072688,-25.1872482886206,0,1,3,7,-4.06898647752753,11.0638780206874,1.47994259597598,145.374197263931,-24.8013561394728,3,0.517125573886074,-0.855909540099302,5.2558781813776,3
431,-3.45657951285763,14.6893651927267,1.12757662560859,151.166314252699,-27.6665604527197,0,1,0,3,-2.0017756147225,14.6794523685714,0.995813718821429,151.374601071429,-27.8253221446429,3,-0.360743631534735,0.932665016126975,1.9398614164064,2
432,-7.64609828549664,15.252604759718,0.362730230674607,151.35596223021,-25.8977092278376,1,0,2,3,-8.32114362450294,15.5030633177429,-0.139537181272486,151.790038591176,-26.8176279397841,3,-0.536323117513796,0.844012744939485,2.13687094564178,3
433,-1.18787404546664,4.51889237297168,1.2144075058007,147.009436609797,-28.2579651788601,0,1,0,2,-0.668589679876509,4.58117836808869,1.98651176429975,147.040066685377,-28.9705000112265,2,-0.0253080296478648,0.999679700521793,1.59610705883856,2
434,-1.66965129494775,4.36383300213132,0.783745924856595,148.95284574919,-27.7399819308782,0,0,0,2,-2.19470157186602,4.62118075143931,2.50596604344462,148.995423745302,-27.756973712138,2,-0.0832833592699186,0.996525906371088,1.65417626501716,2
435,-1.64076175308043,4.27731013251582,0.546090871984644,149.014052704707,-27.6722347113072,0,1,1,6,0.128548527109354,4.01179790046359,1.5095126413417,149.042567493864,-27.2388142159804,2,-0.00444211847721546,-0.999990133743046,4.70794684729839,2
